Timestamp,Student ID,Name,Have you heard of the Elephanta Caves before?,Have you ever visited the Elephanta Caves?,How familiar are you with the history and cultural significance of Elephanta Caves? [1–5],Which aspects of Elephanta interest you the most?,Do you think important information about local heritage should be digitally documented?,Which digital methods could help preserve heritage?,"Would you use a website that allowed you to explore Elephanta's history, photographs, stories and 3D documentation in one place?",How useful would a 3D virtual exploration of the caves be to you? [1–5],What type of heritage information would you most like to find on such a website?,"In your opinion, what is the biggest challenge in preserving heritage sites?","Would you contribute photographs, memories or stories about a heritage site to a digital archive?",Any suggestions for making digital heritage more interesting or accessible?
09/27/2026 08:17:25,202403048,RITESH VIJAY MAURYA,Yes,No,3,"Stories and traditions, Architecture, Sculptures",Not sure,"Digital photographs, Audio recordings / oral histories",Probably,2,"Sculpture information, Conservation information",Lack of funding,Yes,Use high-quality photographs with captions and source information.
09/27/2026 08:19:46,202403033,ATHARVA ATUL JANGAM,Yes,No,3,"Architecture, History, Religious/cultural significance",Definitely yes,"Virtual tours, 3D scanning / 3D models",Definitely,4,"Old documents / archival material, Sculpture information",Visitor damage,Maybe,An interactive map with information at each location would be helpful.
09/27/2026 08:20:22,202403022,GAURANG JITENDRA DESAI,Yes,No,2,Natural surroundings,Definitely no,"Videos/documentaries, Digital maps, 3D scanning / 3D models, Virtual tours",Probably,3,"Oral histories, Sculpture information, 3D cave exploration",Lack of documentation,Yes,An interactive map with information at each location would be helpful.
09/27/2026 08:26:57,202403037,AMAN PAVAN JHA,Yes,Yes,3,"History, Natural surroundings, Architecture",Definitely yes,"Virtual tours, Audio recordings / oral histories",Definitely,3,"Photographic archive, Historical timeline, Conservation information, 3D cave exploration",Lack of awareness,Yes,
09/27/2026 08:28:15,202403028,AYUSH RAJNARAYAN GUPTA,Yes,Yes,5,"Sculptures, Stories and traditions, History",Definitely yes,"Digital photographs, Virtual tours, Videos/documentaries",Probably,5,"Conservation information, 3D cave exploration, Sculpture information",Visitor damage,Yes,An interactive map with information at each location would be helpful.
09/27/2026 08:31:06,202403041,SHREYAS SATISH KHARAT,Yes,No,5,"Religious/cultural significance, Sculptures, History",Probably yes,"Videos/documentaries, Digital maps",Definitely,1,"3D cave exploration, Conservation information, Interactive site map, Sculpture information",Natural deterioration,Yes,Include local stories and oral histories along with historical information.
09/27/2026 08:32:57,202403043,KRUTIKA SANJAY KOLGE,Yes,No,4,Religious/cultural significance,Definitely yes,"Audio recordings / oral histories, Virtual tours, Videos/documentaries, Digital photographs",Probably,5,"Conservation information, 3D cave exploration, Oral histories",Lack of funding,No,Use high-quality photographs with captions and source information.
09/27/2026 08:34:47,202403023,VIVEK PANNALAL DUBEY DUBEY,Yes,No,3,"Sculptures, Natural surroundings",Probably yes,"Digital photographs, Videos/documentaries",Definitely,5,"Interactive site map, 3D cave exploration, Conservation information",Lack of documentation,No,Add detailed information about conservation and preservation.
09/27/2026 08:43:04,202403002,AFFAN ANSARI YUSUF ANSARI,Yes,No,3,History,Not sure,"3D scanning / 3D models, Online archives",Probably,4,"Historical timeline, Sculpture information, Interactive site map",Lack of funding,Maybe,
09/27/2026 08:46:08,202403004,YASH ARUN BANDEKAR,Yes,Yes,2,"Sculptures, Natural surroundings, Religious/cultural significance",Definitely no,"Digital maps, Online archives",Definitely,5,"Photographic archive, Historical timeline, Sculpture information, 3D cave exploration",Lack of funding,Maybe,A timeline and interactive map would make the site easier to explore.
09/27/2026 08:52:57,202403053,AADITYA ASHWANIKUMAR NEGI,Yes,No,5,"Architecture, Sculptures, History",Definitely yes,"Online archives, Digital maps, Virtual tours, Audio recordings / oral histories",Definitely,5,"Old documents / archival material, Sculpture information, 3D cave exploration, Oral histories",Loss of traditional knowledge,Maybe,A timeline and interactive map would make the site easier to explore.
09/27/2026 08:55:46,202403039,ARYAN ASHOK KAHAR,Yes,No,5,"Sculptures, History",Probably no,"Digital maps, Audio recordings / oral histories, Videos/documentaries, Virtual tours",Probably,4,"Historical timeline, Photographic archive",Natural deterioration,Yes,The 3D exploration would be useful for students who cannot visit the caves.
09/27/2026 09:08:43,202403020,ANGAD CHETAN DABHOLKAR,No,No,4,Sculptures,Not sure,"3D scanning / 3D models, Virtual tours, Digital maps, Digital photographs",Definitely,5,"3D cave exploration, Historical timeline, Conservation information, Interactive site map",Loss of traditional knowledge,Maybe,Use high-quality photographs with captions and source information.
09/27/2026 09:13:30,202403005,RAVINDRA PARIMAL BANDEKAR,Yes,No,4,Natural surroundings,Definitely yes,"Virtual tours, Audio recordings / oral histories",Probably,5,"Interactive site map, Historical timeline, Conservation information, Old documents / archival material",Lack of documentation,Yes,
09/27/2026 09:18:56,202403035,NIKHIL NIRAJ JHA,Yes,No,1,"Religious/cultural significance, History",Definitely yes,"Videos/documentaries, Online archives, 3D scanning / 3D models, Digital photographs",Definitely,4,"Conservation information, Old documents / archival material, Interactive site map, Historical timeline",Visitor damage,Yes,Include local stories and oral histories along with historical information.
09/27/2026 09:23:38,202403029,RAJ MUKESH GUPTA,Yes,No,5,"History, Stories and traditions, Architecture",Definitely yes,"Videos/documentaries, Online archives, Digital photographs, 3D scanning / 3D models",Definitely,5,"Photographic archive, Old documents / archival material",Loss of traditional knowledge,No,Include local stories and oral histories along with historical information.
09/27/2026 09:33:52,202403019,RAKESH K RAMESH K CHOUDHARY,I'm not sure,No,4,"Architecture, Sculptures, Religious/cultural significance",Probably yes,"3D scanning / 3D models, Online archives",Probably,5,"Photographic archive, Old documents / archival material, Historical timeline, Oral histories",Natural deterioration,Yes,Keep the interface simple and mobile friendly.
09/27/2026 09:38:28,202403018,MAYURI SUBHASH CHOUDHARY,Yes,No,3,"History, Religious/cultural significance",Definitely yes,"Digital maps, Online archives",Definitely,4,"Sculpture information, 3D cave exploration, Interactive site map",Lack of documentation,Yes,A timeline and interactive map would make the site easier to explore.
09/27/2026 09:38:43,202403069,ASHWIN HARIKRISHNA RAI,Yes,Yes,5,"Religious/cultural significance, Architecture, Stories and traditions",Probably yes,"Digital photographs, Videos/documentaries, Audio recordings / oral histories",Definitely,4,"Historical timeline, Sculpture information, Interactive site map, Oral histories",Lack of awareness,Maybe,More photographs and short videos would make the archive engaging.
09/27/2026 09:41:09,202403057,SAURABH SUSHIL PANDEY,Yes,No,2,Natural surroundings,Definitely yes,"Online archives, Audio recordings / oral histories",Definitely,3,"Photographic archive, Conservation information, Old documents / archival material",Loss of traditional knowledge,Yes,An interactive map with information at each location would be helpful.
09/27/2026 09:44:14,202403058,TUSHAR ATUL PANDEY,I'm not sure,No,2,Stories and traditions,Definitely yes,"Videos/documentaries, Virtual tours, 3D scanning / 3D models, Online archives",Probably,2,"Old documents / archival material, 3D cave exploration, Sculpture information, Historical timeline",Lack of awareness,Maybe,More photographs and short videos would make the archive engaging.
09/27/2026 09:47:21,202403070,RASHI PRADEEP RAJAK,I'm not sure,No,4,Architecture,Probably yes,"Virtual tours, Digital maps, Online archives, Videos/documentaries",Maybe,5,"Oral histories, 3D cave exploration, Sculpture information",Visitor damage,Yes,An interactive map with information at each location would be helpful.
09/27/2026 09:49:54,202403042,RAMESH RAMESH KOKKULA,Yes,No,1,"Sculptures, Stories and traditions",Definitely yes,"Virtual tours, Digital maps",Definitely,4,"Historical timeline, Interactive site map",Lack of funding,Yes,Include local stories and oral histories along with historical information.
09/27/2026 09:56:36,202403044,KAUSHAL GANGADHARRAO KOLLABATHULA,Yes,Yes,4,"History, Architecture, Natural surroundings",Probably yes,"Digital photographs, Digital maps",Probably,5,"Photographic archive, Conservation information, Old documents / archival material, 3D cave exploration",Lack of awareness,Yes,Include local stories and oral histories along with historical information.
09/27/2026 10:05:04,202403030,RANI SURENDRA GUPTA,Yes,Yes,1,Natural surroundings,Probably no,"Digital photographs, Virtual tours, Online archives",Definitely,4,"Conservation information, Photographic archive",Visitor damage,Maybe,
09/27/2026 10:09:04,202403064,PRASANNA SANJEET PEDNEKAR,Yes,No,4,"Religious/cultural significance, History, Architecture",Probably no,"Audio recordings / oral histories, Digital photographs",Probably,3,"Old documents / archival material, Historical timeline, 3D cave exploration",Visitor damage,No,The 3D exploration would be useful for students who cannot visit the caves.
09/27/2026 10:11:09,202403014,KHUSHI PRAHLAD CHAUDHARI,Yes,No,4,"Religious/cultural significance, Architecture, Stories and traditions",Definitely yes,"Online archives, 3D scanning / 3D models",Probably,4,"Oral histories, Sculpture information, 3D cave exploration, Interactive site map",Visitor damage,No,
09/27/2026 10:11:17,202403032,NITIN SURESH JAISWAR,Yes,No,3,"Stories and traditions, History",Probably yes,"3D scanning / 3D models, Digital maps",Definitely,5,"Historical timeline, Old documents / archival material, Oral histories, Conservation information",Visitor damage,Yes,Keep the interface simple and mobile friendly.
09/27/2026 10:12:03,202403031,RAJAT NITIN JAGTAP,I'm not sure,No,3,"History, Stories and traditions",Definitely yes,"Audio recordings / oral histories, Digital maps, Virtual tours, Videos/documentaries",Definitely,5,"Conservation information, Historical timeline, Interactive site map, 3D cave exploration",Natural deterioration,No,Add detailed information about conservation and preservation.
09/27/2026 10:14:00,202403049,NIKHIL SANTOSH MISHRA,Yes,No,2,"History, Natural surroundings, Religious/cultural significance",Probably yes,"Digital maps, Online archives, Audio recordings / oral histories, Virtual tours",Definitely,4,"3D cave exploration, Photographic archive, Oral histories, Conservation information",Natural deterioration,Maybe,Add detailed information about conservation and preservation.
09/27/2026 10:17:48,202403060,DEVESH DIGAMBER PANWAR,Yes,No,3,Sculptures,Probably yes,"Videos/documentaries, Virtual tours",Definitely,5,"Historical timeline, 3D cave exploration, Oral histories, Conservation information",Lack of funding,Yes,A timeline and interactive map would make the site easier to explore.
09/27/2026 10:20:44,202403038,PURUSHOTTAM RAMESH JHA,Yes,No,4,Sculptures,Definitely yes,"3D scanning / 3D models, Online archives, Audio recordings / oral histories",Definitely,2,"Photographic archive, 3D cave exploration",Loss of traditional knowledge,Yes,
09/27/2026 10:22:09,202403003,CHAND RAHIM ATTAR,Yes,No,3,"Religious/cultural significance, Sculptures, Natural surroundings",Definitely yes,"Digital photographs, Audio recordings / oral histories",Definitely,2,"Conservation information, Historical timeline, Sculpture information, Interactive site map",Lack of funding,Yes,More photographs and short videos would make the archive engaging.
09/27/2026 10:26:16,202403011,RAJ VILAS CHANDANKHEDE,Yes,No,2,"Stories and traditions, Religious/cultural significance",Definitely yes,"Digital maps, Audio recordings / oral histories, Online archives, Virtual tours",Maybe,3,"Oral histories, Conservation information, Photographic archive, Old documents / archival material",Lack of funding,No,A timeline and interactive map would make the site easier to explore.
09/27/2026 10:27:28,202403036,KESHAV PANKAJ JHA,Yes,No,2,"History, Architecture",Definitely yes,"Digital maps, Audio recordings / oral histories, Virtual tours, Online archives",Maybe,5,"3D cave exploration, Historical timeline",Lack of funding,Yes,
09/27/2026 10:30:10,202403051,HIMANSHU VINOD MISHRA,Yes,No,4,"History, Stories and traditions",Not sure,"Online archives, Videos/documentaries",Probably,3,"Interactive site map, Photographic archive",Loss of traditional knowledge,Maybe,More photographs and short videos would make the archive engaging.
09/27/2026 10:30:50,202403034,SAURAV RAMAN JHA JHA,Yes,No,4,Natural surroundings,Probably yes,"Virtual tours, Digital photographs",Probably,3,"3D cave exploration, Oral histories, Historical timeline",Loss of traditional knowledge,Maybe,The 3D exploration would be useful for students who cannot visit the caves.
09/27/2026 10:31:16,202403008,KARTAWYA RAJESH BARIA,Yes,No,5,"Architecture, Stories and traditions, Natural surroundings",Definitely yes,"Online archives, Digital maps, Virtual tours, 3D scanning / 3D models",Definitely,3,"Oral histories, Old documents / archival material, Historical timeline, Sculpture information",Natural deterioration,Yes,Include an interactive 3D tour and clear information about the sculptures.
09/27/2026 10:38:20,202403040,EMAD ASLAM KHAN,No,No,2,Religious/cultural significance,Definitely yes,"3D scanning / 3D models, Digital maps, Online archives, Videos/documentaries",Probably,2,"Historical timeline, Interactive site map",Lack of awareness,Maybe,More photographs and short videos would make the archive engaging.
09/27/2026 10:38:27,202403010,PARTH RAVINDRA BOROLE,I'm not sure,No,3,"Religious/cultural significance, History",Probably yes,"Audio recordings / oral histories, Digital maps, Digital photographs, 3D scanning / 3D models",Maybe,4,"Old documents / archival material, Historical timeline",Loss of traditional knowledge,Maybe,Include an interactive 3D tour and clear information about the sculptures.
09/27/2026 10:39:26,202403052,ADARSH RAKESH MISHRA,Yes,No,2,"Stories and traditions, Architecture",Definitely yes,"Online archives, Digital photographs, 3D scanning / 3D models, Virtual tours",Maybe,3,"3D cave exploration, Interactive site map",Lack of awareness,Yes,More photographs and short videos would make the archive engaging.
09/27/2026 10:43:07,202403024,RAJBHAR SHYAMKUMAR GAUTAM,Yes,No,3,"Sculptures, History",Probably yes,"Digital maps, Digital photographs, Virtual tours, Videos/documentaries",Definitely,4,"Conservation information, Interactive site map, Sculpture information",Lack of funding,Yes,More photographs and short videos would make the archive engaging.
09/27/2026 10:47:40,202403007,ABHISHEK SHRINIVAS BANGERA,Yes,No,3,Religious/cultural significance,Definitely yes,"Audio recordings / oral histories, Digital maps, Online archives, Videos/documentaries",Definitely,4,"Photographic archive, 3D cave exploration, Sculpture information",Lack of documentation,Yes,An interactive map with information at each location would be helpful.
09/27/2026 10:50:23,202403065,RISHI KANNAN PILLAI,Yes,No,2,Stories and traditions,Probably yes,"Audio recordings / oral histories, Digital maps",Maybe,5,"Sculpture information, Oral histories, Historical timeline",Loss of traditional knowledge,No,More photographs and short videos would make the archive engaging.
09/27/2026 10:50:48,202403009,JAYDEEP SANJAY BORGAONKAR,I'm not sure,No,3,"Sculptures, History, Religious/cultural significance",Definitely yes,"Videos/documentaries, Audio recordings / oral histories, 3D scanning / 3D models, Online archives",Definitely,5,"Conservation information, 3D cave exploration",Natural deterioration,Yes,An interactive map with information at each location would be helpful.
09/27/2026 10:55:26,202403067,NIKHIL KAILAS PRAJAPATI,Yes,No,2,Sculptures,Definitely yes,"Digital photographs, Audio recordings / oral histories, Online archives",Probably,4,"Photographic archive, 3D cave exploration, Old documents / archival material, Sculpture information",Lack of awareness,Yes,Include local stories and oral histories along with historical information.
09/27/2026 10:56:08,202403045,MADHURA MAHENDRA MAJALKAR,No,No,5,"Architecture, Sculptures, Stories and traditions",Definitely yes,"Virtual tours, Digital maps, Online archives",Definitely,5,"Sculpture information, Old documents / archival material, Historical timeline, Photographic archive",Loss of traditional knowledge,No,A timeline and interactive map would make the site easier to explore.
09/27/2026 10:57:28,202403017,NIKHIL RAMMOHAN CHOUDHARY,No,Yes,5,Architecture,Definitely yes,"Virtual tours, Online archives",Definitely,5,"Photographic archive, Interactive site map",Lack of funding,Yes,An interactive map with information at each location would be helpful.
09/27/2026 10:58:00,202403068,MOHD KAIF MOHD RUSTTAM QURESHI,No,No,5,Stories and traditions,Definitely yes,"Online archives, Digital photographs, Virtual tours, Digital maps",Probably,4,"Oral histories, Interactive site map",Lack of funding,Yes,More photographs and short videos would make the archive engaging.
09/27/2026 11:01:29,202403062,MAYANK SHAILESH PATIL,Yes,No,3,Natural surroundings,Probably yes,"3D scanning / 3D models, Videos/documentaries, Virtual tours",Probably,5,"Historical timeline, 3D cave exploration, Conservation information",Lack of funding,Yes,Add detailed information about conservation and preservation.
09/27/2026 11:02:51,202403025,OM SUVAS GAWAND,I'm not sure,No,3,"Religious/cultural significance, Stories and traditions",Definitely yes,"Online archives, Virtual tours",Probably not,4,"3D cave exploration, Old documents / archival material, Historical timeline",Natural deterioration,Maybe,Keep the interface simple and mobile friendly.
09/27/2026 11:07:12,202403059,SHREYA SANDEEP PANDEY,Yes,No,2,"Religious/cultural significance, Architecture",Probably yes,"Virtual tours, Videos/documentaries, Audio recordings / oral histories, Online archives",Maybe,2,"Oral histories, Sculpture information, Historical timeline",Visitor damage,Yes,An interactive map with information at each location would be helpful.
09/27/2026 11:07:52,202403021,TUKARAM DHONDIRAM DALVI,No,No,2,Religious/cultural significance,Probably yes,"Audio recordings / oral histories, Digital photographs, 3D scanning / 3D models",Definitely,4,"Oral histories, Historical timeline",Loss of traditional knowledge,No,The 3D exploration would be useful for students who cannot visit the caves.
09/27/2026 11:12:13,202403046,RUPESH BIRENDRA MANDAL,Yes,Yes,5,"Architecture, Religious/cultural significance",Probably yes,"3D scanning / 3D models, Digital photographs",Maybe,5,"Oral histories, 3D cave exploration, Photographic archive",Lack of funding,Yes,Include local stories and oral histories along with historical information.
09/27/2026 11:12:48,202403061,DHANANJAY RAJESH PARADKAR,Yes,No,5,"Sculptures, Religious/cultural significance, Stories and traditions",Probably yes,"Virtual tours, Digital maps",Probably,5,"Interactive site map, Photographic archive, Conservation information, Sculpture information",Lack of funding,Maybe,Include local stories and oral histories along with historical information.
09/27/2026 11:17:08,202403027,NILESH GUPUT GUPTA,No,No,3,History,Definitely yes,"Digital photographs, Videos/documentaries, Digital maps",Maybe,4,"Conservation information, Old documents / archival material, Oral histories, Interactive site map",Loss of traditional knowledge,Yes,A timeline and interactive map would make the site easier to explore.
09/27/2026 11:26:07,202403013,ACHUTANAND LAXMIKANT CHAUBEY,Yes,No,3,"Stories and traditions, History",Definitely yes,"Virtual tours, Digital photographs",Probably,5,"Historical timeline, Photographic archive, Old documents / archival material",Lack of awareness,Maybe,The 3D exploration would be useful for students who cannot visit the caves.
09/27/2026 11:26:35,202403026,ASHISH ANIL GIRI,No,No,3,"Religious/cultural significance, Natural surroundings",Definitely yes,"Digital maps, Audio recordings / oral histories, Digital photographs",Maybe,3,"Photographic archive, Old documents / archival material",Lack of funding,Yes,An interactive map with information at each location would be helpful.
09/27/2026 11:27:20,202403050,SUHANA RAVINDRAKUMAR MISHRA,No,No,2,History,Definitely yes,"Online archives, Videos/documentaries",Probably,5,"Oral histories, Historical timeline, Sculpture information",Loss of traditional knowledge,Yes,Keep the interface simple and mobile friendly.
09/27/2026 11:29:29,202403056,PRANAV . PALANISWAMY,Yes,No,2,"Architecture, Stories and traditions, Sculptures",Probably yes,"Online archives, Virtual tours, Videos/documentaries",Probably,4,"Photographic archive, Interactive site map, 3D cave exploration",Visitor damage,Maybe,Keep the interface simple and mobile friendly.
09/27/2026 11:29:49,202403016,DRISHTIKA RAJESH CHETTIAR,I'm not sure,No,2,"History, Sculptures, Religious/cultural significance",Definitely yes,"3D scanning / 3D models, Videos/documentaries, Audio recordings / oral histories, Online archives",Probably,4,"Photographic archive, Sculpture information, Historical timeline, Conservation information",Visitor damage,Maybe,Use high-quality photographs with captions and source information.
09/27/2026 11:34:04,202403055,SANDHYA RAMASARE PAL,Yes,No,2,"Natural surroundings, Architecture, Sculptures",Probably yes,"Online archives, Audio recordings / oral histories, Digital maps, Videos/documentaries",Definitely,1,"Oral histories, Interactive site map",Visitor damage,Yes,Use high-quality photographs with captions and source information.
09/27/2026 11:38:06,202403054,PRASHIK MANGESH NIKAM,Yes,Yes,4,"Stories and traditions, Natural surroundings, Sculptures",Probably yes,"Virtual tours, Videos/documentaries",Definitely,5,"Historical timeline, 3D cave exploration, Conservation information",Loss of traditional knowledge,Maybe,More photographs and short videos would make the archive engaging.
09/27/2026 11:40:25,202403012,DHARMESH SATISH CHAUBEY,No,No,1,Religious/cultural significance,Definitely yes,"Videos/documentaries, Audio recordings / oral histories, Digital photographs, Virtual tours",Probably,3,"Sculpture information, Old documents / archival material",Lack of awareness,Maybe,More photographs and short videos would make the archive engaging.
09/27/2026 11:41:00,202403006,NEELIMA SANJAY BANDERWAR,I'm not sure,No,4,"Religious/cultural significance, Natural surroundings, History",Definitely yes,"Digital maps, Online archives, Audio recordings / oral histories",Probably,5,"3D cave exploration, Old documents / archival material, Photographic archive, Sculpture information",Natural deterioration,Yes,Keep the interface simple and mobile friendly.
09/27/2026 11:45:31,202403015,PRATIKSHA PRAKASH CHAVAN,Yes,No,2,"History, Architecture",Definitely yes,"Virtual tours, Digital maps, 3D scanning / 3D models, Audio recordings / oral histories",Definitely,4,"Photographic archive, Oral histories",Natural deterioration,Maybe,Include an interactive 3D tour and clear information about the sculptures.
09/27/2026 11:50:10,202403047,SHARVAN RAVINDRA MAURYA,Yes,No,4,"Stories and traditions, History",Definitely yes,"Virtual tours, Audio recordings / oral histories, Online archives, Digital photographs",Definitely not,4,"Historical timeline, Sculpture information, Old documents / archival material, 3D cave exploration",Lack of funding,Yes,Include local stories and oral histories along with historical information.
09/27/2026 11:50:30,202403063,SANDEEP SANDEEP PAWAR,I'm not sure,No,3,"History, Natural surroundings, Religious/cultural significance",Definitely yes,"Videos/documentaries, Digital maps, Digital photographs, Virtual tours",Maybe,4,"3D cave exploration, Oral histories, Photographic archive, Conservation information",Lack of documentation,No,Keep the interface simple and mobile friendly.
09/27/2026 11:51:44,202403066,AYUSH SHRIRAM PRAJAPATI,Yes,No,4,"Stories and traditions, Sculptures, Natural surroundings",Not sure,"Digital maps, Digital photographs, 3D scanning / 3D models, Audio recordings / oral histories",Maybe,4,"Historical timeline, Conservation information, Interactive site map, Sculpture information",Lack of funding,Maybe,
09/27/2026 09:52:12,202403102,CHETAN SHAMBHU SINGH RAJPUT,Yes,No,2,"Natural surroundings, Architecture",Not sure,"Videos/documentaries, Virtual tours, Digital maps, Audio recordings / oral histories",Definitely,1,"Sculpture information, Photographic archive",Natural deterioration,Yes,Add 360 degree panoramic view of the caves.
09/27/2026 09:56:02,202403103,RITIKA VEERSHETTY RATHOD,I'm not sure,No,2,"History, Architecture, Sculptures, Natural surroundings",Probably yes,"Online archives, 3D scanning / 3D models, Digital photographs",Probably,2,"Historical timeline, Conservation information, Old documents / archival material",Natural deterioration,Maybe,
09/27/2026 09:58:53,202403104,AASIYAH MOHAMMED MOHAMMED RIZWAN HASAN BIN MUBARAK RIZWAN,No,No,3,"Architecture, Stories and traditions, History",Probably no,"Videos/documentaries, Online archives, Digital maps, 3D scanning / 3D models",Definitely,2,"Sculpture information, Old documents / archival material, Conservation information, 3D cave exploration",Lack of awareness,Yes,
09/27/2026 10:01:22,202403105,NANDKISHOR DILIP SAHU,Yes,No,4,"Sculptures, History, Stories and traditions",Definitely yes,"Online archives, Digital photographs, Virtual tours, 3D scanning / 3D models",Maybe,5,"Oral histories, Sculpture information",Loss of traditional knowledge,No,The 3D exploration would be useful for students who cannot visit the caves.
09/27/2026 10:08:47,202403106,RAGHAVENDRAKUMAR VINODKUMAR SAINY,Yes,No,4,"Religious/cultural significance, History, Architecture",Definitely yes,"Digital photographs, Online archives, 3D scanning / 3D models, Audio recordings / oral histories",Probably,5,"Oral histories, Historical timeline, Conservation information, Old documents / archival material",Lack of funding,No,Add 360 degree panoramic view of the caves.
09/27/2026 10:13:39,202403107,JAHANVI RAVI SALIAN,Yes,No,3,"Sculptures, Stories and traditions",Probably yes,"Digital maps, Virtual tours",Definitely,3,"Old documents / archival material, Photographic archive",Lack of funding,Maybe,Keep the interface simple and mobile friendly.
09/27/2026 10:20:13,202403108,RAJ RAJESH SANANDIA,I'm not sure,No,5,"Natural surroundings, Architecture",Not sure,"Digital maps, Online archives, Digital photographs, Virtual tours",Probably,4,"3D cave exploration, Interactive site map, Old documents / archival material",Loss of traditional knowledge,No,
09/27/2026 10:23:50,202403109,KAVYA DHAVAL SHAH,Yes,No,5,"Stories and traditions, Sculptures, Natural surroundings, Religious/cultural significance",Probably no,"Videos/documentaries, Digital maps",Definitely,5,"3D cave exploration, Oral histories, Conservation information",Lack of awareness,Maybe,The 3D exploration would be useful for students who cannot visit the caves.
09/27/2026 10:26:10,202403110,AYAAN RAUF SHAIKH SHAIKH,Yes,No,4,"Stories and traditions, Sculptures",Definitely yes,"Audio recordings / oral histories, Videos/documentaries, 3D scanning / 3D models, Online archives",Maybe,5,"Sculpture information, Photographic archive, Interactive site map",Lack of documentation,Yes,
09/27/2026 10:30:40,202403111,RAHIL RAHIMUDDIN SHAIKH,Yes,No,5,"Architecture, Sculptures, Stories and traditions",Definitely yes,"Virtual tours, Videos/documentaries, Digital photographs",Definitely,5,"Historical timeline, Interactive site map",Lack of documentation,Yes,The 3D exploration would be useful for students who cannot visit the caves.
09/27/2026 10:32:47,202403112,ASIF SIKANDAR SHAIKH,Yes,No,3,"Natural surroundings, Religious/cultural significance, Sculptures",Probably yes,"Digital photographs, Videos/documentaries",Maybe,4,"Old documents / archival material, Historical timeline, 3D cave exploration",Lack of funding,Maybe,Add detailed information about conservation and preservation.
09/27/2026 10:38:18,202403113,SURAJ MEHBUB SHAIKH,No,No,5,"Natural surroundings, Architecture",Definitely yes,"Digital photographs, Online archives, Virtual tours",Definitely,3,"Oral histories, Historical timeline, Sculpture information, Old documents / archival material",Loss of traditional knowledge,Maybe,The 3D exploration would be useful for students who cannot visit the caves.
09/27/2026 10:40:51,202403114,NIKET PRAMOD SHARMA,I'm not sure,No,1,"Architecture, Natural surroundings, Sculptures, Stories and traditions",Probably yes,"Audio recordings / oral histories, 3D scanning / 3D models, Digital maps",Definitely,3,"Old documents / archival material, Conservation information",Lack of awareness,Maybe,A timeline and interactive map would make the site easier to explore.
09/27/2026 10:46:40,202403115,ABHIJEET MADAN SHARMA,I'm not sure,No,2,"Sculptures, Architecture, Stories and traditions",Not sure,"Virtual tours, Digital maps, Videos/documentaries",Probably,4,"Conservation information, 3D cave exploration, Photographic archive, Old documents / archival material",Lack of awareness,Yes,Use high-quality photographs with captions and source information.
09/27/2026 10:52:49,202403116,PRINCE JAMWANT SHARMA,Yes,No,2,"Sculptures, Stories and traditions, Architecture, History",Definitely yes,"Digital photographs, Videos/documentaries, Digital maps",Maybe,4,"Sculpture information, Interactive site map, Old documents / archival material",Loss of traditional knowledge,Yes,A timeline and interactive map would make the site easier to explore.
09/27/2026 10:58:02,202403117,DISHA SHAILENDRA KUMAR SHARMA,Yes,No,3,"Architecture, Religious/cultural significance",Probably yes,"Virtual tours, Digital maps, Videos/documentaries, 3D scanning / 3D models",Maybe,3,"Historical timeline, Oral histories, Conservation information",Loss of traditional knowledge,Yes,More photographs and short videos would make the archive engaging.
09/27/2026 11:04:52,202403118,SOHAM KAMLESH SHARMA,Yes,No,5,"Stories and traditions, Architecture, History, Religious/cultural significance",Definitely yes,"Online archives, Virtual tours",Definitely,5,"Photographic archive, Conservation information",Natural deterioration,Yes,
09/27/2026 11:09:10,202403119,SANDEEP MANMOHAN SHARMA,Yes,Yes,3,"Architecture, Religious/cultural significance",Probably no,"Virtual tours, Digital maps, Online archives",Definitely,5,"Conservation information, Interactive site map, Sculpture information",Natural deterioration,Maybe,Add 360 degree panoramic view of the caves.
09/27/2026 11:11:22,202403120,SUHANI SANTOSH SIGH,Yes,No,3,"Stories and traditions, Natural surroundings, Sculptures",Probably yes,"Virtual tours, Online archives",Probably,5,"Interactive site map, Historical timeline",Lack of documentation,Yes,Provide information on the ferry timings and visiting hours alongside history.
09/27/2026 11:13:49,202403121,SAKSHI SURENDER SINGH,I'm not sure,No,5,"Sculptures, Natural surroundings, Stories and traditions, Architecture",Probably yes,"3D scanning / 3D models, Digital photographs",Probably,5,"Sculpture information, Conservation information, Historical timeline",Lack of awareness,Yes,Keep the interface simple and mobile friendly.
09/27/2026 11:16:24,202403122,ABHAY BABLU SINGH,Yes,No,4,"History, Natural surroundings, Sculptures",Definitely yes,"Digital photographs, 3D scanning / 3D models",Probably,4,"Photographic archive, Conservation information",Lack of documentation,No,Keep the interface simple and mobile friendly.
09/27/2026 11:24:03,202403123,PALAK SUBHASH SINGH SINGH,Yes,No,2,"Sculptures, Stories and traditions, History",Definitely yes,"Videos/documentaries, Audio recordings / oral histories",Probably,5,"Old documents / archival material, Photographic archive, Oral histories",Lack of funding,Maybe,
09/27/2026 11:30:20,202403124,GAURI SUJIT SINGH,Yes,No,4,"Stories and traditions, Natural surroundings",Not sure,"Digital photographs, Digital maps, 3D scanning / 3D models, Online archives",Probably,2,"Interactive site map, Photographic archive, Conservation information, 3D cave exploration",Lack of documentation,Maybe,Add 360 degree panoramic view of the caves.
09/27/2026 11:35:07,202403125,ANKITA RADHESHYAM SINGH,Yes,No,3,"Stories and traditions, Sculptures, Natural surroundings",Probably yes,"Audio recordings / oral histories, Digital photographs, 3D scanning / 3D models, Online archives",Probably,4,"Photographic archive, Conservation information",Lack of funding,Maybe,
09/27/2026 11:41:50,202403126,HARSH SANDEEP SINGH,Yes,No,3,"Sculptures, Stories and traditions, Religious/cultural significance, History",Definitely yes,"Virtual tours, Online archives, Videos/documentaries, Digital photographs",Definitely,5,"Photographic archive, Historical timeline",Lack of awareness,Yes,Include local stories and oral histories along with historical information.
09/27/2026 11:43:57,202403127,SMITI RAVI SINGH,Yes,No,4,"Religious/cultural significance, Natural surroundings",Not sure,"3D scanning / 3D models, Digital photographs, Audio recordings / oral histories, Videos/documentaries",Probably,3,"3D cave exploration, Old documents / archival material, Oral histories, Sculpture information",Lack of funding,Yes,
09/27/2026 11:51:35,202403128,ANURAG BRIJBHUSHAN SINGH,No,No,1,"Architecture, Religious/cultural significance",Definitely yes,"Digital photographs, Videos/documentaries, Digital maps",Maybe,4,"Old documents / archival material, Oral histories, Photographic archive",Visitor damage,Yes,
09/27/2026 11:57:08,202403129,AARYAN DEVENDRA SINGH,Yes,No,4,"Stories and traditions, Religious/cultural significance, Sculptures",Definitely yes,"Virtual tours, Digital photographs, Online archives",Definitely,3,"Historical timeline, Oral histories, Old documents / archival material",Lack of funding,Maybe,
09/27/2026 12:00:58,202403130,RUDRA PRATAP SAROJ SINGH,Yes,No,3,"Stories and traditions, Religious/cultural significance, Natural surroundings",Definitely yes,"Digital maps, Audio recordings / oral histories",Probably,5,"3D cave exploration, Old documents / archival material, Photographic archive, Sculpture information",Visitor damage,Yes,Add detailed information about conservation and preservation.
09/27/2026 12:05:51,202403131,DHRUV SANJAY SONI SONI,Yes,No,3,"Stories and traditions, Natural surroundings, Sculptures, Religious/cultural significance",Definitely yes,"Audio recordings / oral histories, Digital maps, Virtual tours",Probably,4,"Old documents / archival material, Interactive site map, Historical timeline, Sculpture information",Lack of funding,No,Add 360 degree panoramic view of the caves.
09/27/2026 12:08:21,202403132,VEDANT MILIND SURVE,Yes,No,4,"Religious/cultural significance, Sculptures",Definitely yes,"Audio recordings / oral histories, Online archives, 3D scanning / 3D models",Probably,4,"Photographic archive, Old documents / archival material, Sculpture information",Loss of traditional knowledge,Yes,More photographs and short videos would make the archive engaging.
09/27/2026 12:11:13,202403133,GAYATRI MAHADEV SWAMI,I'm not sure,No,5,"Sculptures, Architecture, Stories and traditions",Probably no,"3D scanning / 3D models, Digital maps",Definitely,5,"Conservation information, Sculpture information",Lack of documentation,Yes,Audio commentary or audio guides in regional languages like Marathi and Hindi.
09/27/2026 12:14:47,202403134,YASH SATISH THAKUR,Yes,No,2,"Natural surroundings, Architecture, Sculptures, Religious/cultural significance",Definitely yes,"Virtual tours, Online archives, Videos/documentaries, Audio recordings / oral histories",Probably,5,"Historical timeline, Photographic archive",Lack of documentation,Yes,Use high-quality photographs with captions and source information.
09/27/2026 12:22:41,202403135,PRATIK RAVINDRA THOMBARE,Yes,No,4,"Architecture, History, Religious/cultural significance, Stories and traditions",Definitely yes,"Videos/documentaries, Digital photographs",Probably,1,"Oral histories, 3D cave exploration, Sculpture information",Loss of traditional knowledge,Maybe,
09/27/2026 12:26:13,202403136,ARYAN SACHIN TIWARI,Yes,Yes,5,"Stories and traditions, Natural surroundings, Religious/cultural significance",Probably yes,"Digital maps, Digital photographs, Videos/documentaries",Probably,4,"Historical timeline, Conservation information",Visitor damage,Yes,
09/27/2026 12:31:54,202403137,DHARMENDRA SHIVCHANDRA UPADHYAY,Yes,No,1,"Sculptures, Religious/cultural significance, Natural surroundings",Definitely yes,"Online archives, Digital maps, Videos/documentaries",Definitely,5,"3D cave exploration, Photographic archive, Historical timeline, Oral histories",Lack of funding,Maybe,More photographs and short videos would make the archive engaging.
09/27/2026 12:38:47,202403138,AMAN SANJAY VARMA,Yes,No,4,"Religious/cultural significance, Architecture, Stories and traditions",Definitely yes,"Audio recordings / oral histories, Digital photographs",Definitely,4,"Interactive site map, Sculpture information, Photographic archive, Oral histories",Loss of traditional knowledge,Maybe,
09/27/2026 12:45:13,202403139,YASH DEVIPRASAD VISHWAKARMA,Yes,No,2,"Sculptures, Architecture, Natural surroundings",Definitely yes,"Digital photographs, Videos/documentaries",Definitely,3,"Oral histories, Conservation information",Lack of documentation,No,
09/27/2026 12:51:56,202403140,VAIBHAV ANAND VISHWAKARMA,Yes,No,4,"Sculptures, History, Natural surroundings",Definitely yes,"Digital photographs, Videos/documentaries",Definitely,3,"Photographic archive, Interactive site map",Lack of funding,Maybe,Use high-quality photographs with captions and source information.
09/27/2026 12:54:37,202403141,WASTER BHUMIKA NARSINH,Yes,No,3,"Sculptures, Architecture, History",Probably no,"Virtual tours, Digital maps, Audio recordings / oral histories",Probably,2,"3D cave exploration, Historical timeline, Old documents / archival material, Photographic archive",Loss of traditional knowledge,Yes,The 3D exploration would be useful for students who cannot visit the caves.
09/27/2026 12:57:17,202403142,SANJEEV SUKHDEV YADAV,Yes,No,3,"Sculptures, Stories and traditions, Religious/cultural significance, Natural surroundings",Probably yes,"Digital maps, Videos/documentaries, Audio recordings / oral histories",Probably,5,"Historical timeline, Old documents / archival material",Lack of funding,Yes,A timeline and interactive map would make the site easier to explore.
09/27/2026 13:04:27,202403143,DEEPA HARISHCHANDRA YADAV,Yes,No,2,"Sculptures, Architecture",Probably yes,"Digital photographs, Videos/documentaries, Audio recordings / oral histories",Probably,1,"Photographic archive, Interactive site map, Sculpture information",Lack of funding,Yes,
09/27/2026 13:09:22,202403144,DINKU KAMLESH YADAV,Yes,No,2,"Natural surroundings, Sculptures",Definitely yes,"Virtual tours, Digital maps",Definitely,5,"Photographic archive, Sculpture information, 3D cave exploration, Old documents / archival material",Lack of documentation,Maybe,
09/27/2026 13:14:44,202403145,RITESH SURENDRA YADAV,I'm not sure,Yes,3,"Stories and traditions, Architecture",Probably yes,"Online archives, Videos/documentaries, Digital maps, Virtual tours",Definitely,3,"3D cave exploration, Old documents / archival material, Interactive site map, Conservation information",Natural deterioration,Yes,
09/27/2026 13:18:19,202403146,MONU SABHAJEET YADAV,I'm not sure,No,5,"Stories and traditions, Religious/cultural significance",Not sure,"Virtual tours, Audio recordings / oral histories, Online archives",Probably,4,"Historical timeline, Old documents / archival material, Oral histories, Conservation information",Visitor damage,Maybe,A timeline and interactive map would make the site easier to explore.
09/27/2026 13:25:49,202403147,GOVIND RAMBALI YADAV,I'm not sure,No,3,"History, Natural surroundings, Architecture",Probably no,"Digital maps, Videos/documentaries, Virtual tours",Definitely,5,"Old documents / archival material, 3D cave exploration, Historical timeline",Natural deterioration,Maybe,Audio commentary or audio guides in regional languages like Marathi and Hindi.
09/27/2026 13:31:34,202403148,DAKSH RAKESH YADAV,No,No,4,"History, Stories and traditions",Definitely yes,"Audio recordings / oral histories, Digital photographs, Digital maps",Definitely,1,"Sculpture information, Interactive site map, Historical timeline, Conservation information",Natural deterioration,Yes,Add 360 degree panoramic view of the caves.
09/27/2026 13:36:44,202403149,YADAV SHIVAM GULAB CHANDRA GULAB CHANDRA YADAV,Yes,No,3,"Natural surroundings, Sculptures",Probably yes,"Online archives, Videos/documentaries, Digital maps, Audio recordings / oral histories",Probably,5,"Oral histories, Photographic archive",Lack of funding,Maybe,The 3D exploration would be useful for students who cannot visit the caves.
09/27/2026 13:43:21,202403150,KISHAN JAYPRAKASH YADAV,Yes,No,2,"History, Stories and traditions, Natural surroundings",Probably no,"Online archives, Digital photographs",Probably,5,"Oral histories, Old documents / archival material, Historical timeline, Sculpture information",Natural deterioration,Maybe,Add detailed information about conservation and preservation.
09/27/2026 13:48:01,202403151,ATHARVA SACHIN JADHAV,I'm not sure,No,3,"Sculptures, Natural surroundings, Religious/cultural significance",Definitely yes,"Virtual tours, Online archives, Audio recordings / oral histories",Definitely,5,"Old documents / archival material, Interactive site map, Oral histories",Lack of funding,Maybe,An interactive map with information at each location would be helpful.
09/27/2026 13:51:38,202403152,AKSHAAN SHAMMIR JAWAHIRE,Yes,No,5,"Architecture, Stories and traditions, Religious/cultural significance",Definitely yes,"3D scanning / 3D models, Audio recordings / oral histories, Digital maps, Virtual tours",Probably,5,"Interactive site map, Photographic archive, Oral histories",Visitor damage,Yes,
09/27/2026 13:56:26,202403153,MANAV NITIN GOLAPKAR,I'm not sure,No,5,"Natural surroundings, Religious/cultural significance, Architecture, History",Definitely yes,"Digital photographs, Digital maps",Probably,5,"Historical timeline, Sculpture information, 3D cave exploration, Interactive site map",Visitor damage,Yes,
09/27/2026 14:00:32,202403154,ROHIT BHUPESH YADAV,Yes,No,4,"History, Natural surroundings, Religious/cultural significance",Definitely yes,"Videos/documentaries, Audio recordings / oral histories",Maybe,5,"Conservation information, Historical timeline",Lack of funding,No,
09/27/2026 14:06:16,202403155,ABHINAYASHRI ANAND SWAMY,Yes,No,5,"Sculptures, Religious/cultural significance",Not sure,"Audio recordings / oral histories, Online archives, Virtual tours",Probably,5,"Conservation information, 3D cave exploration, Sculpture information, Oral histories",Natural deterioration,Maybe,Provide information on the ferry timings and visiting hours alongside history.
09/27/2026 14:12:05,202403156,ARIZ NADEEM HASHMI,Yes,No,5,"Religious/cultural significance, Natural surroundings",Definitely yes,"Audio recordings / oral histories, Videos/documentaries",Probably,5,"Photographic archive, 3D cave exploration, Interactive site map, Sculpture information",Loss of traditional knowledge,Yes,Audio commentary or audio guides in regional languages like Marathi and Hindi.
09/27/2026 14:19:59,202403157,YASH ANANDA DHONUKSHE,Yes,No,4,"Sculptures, Stories and traditions, History",Definitely yes,"3D scanning / 3D models, Videos/documentaries, Online archives, Digital maps",Definitely,2,"3D cave exploration, Conservation information, Sculpture information, Oral histories",Natural deterioration,Maybe,
09/27/2026 14:23:09,202403158,SONAL DILIP MAHANGDE,Yes,No,4,"Sculptures, Natural surroundings",Probably no,"Online archives, Videos/documentaries, Digital photographs, Digital maps",Definitely,3,"Photographic archive, Interactive site map, Conservation information",Lack of awareness,Yes,More photographs and short videos would make the archive engaging.
09/27/2026 14:25:23,202403159,ADITYA AVADHESH GUPTA,Yes,No,5,"History, Architecture, Religious/cultural significance, Stories and traditions",Definitely yes,"Virtual tours, Audio recordings / oral histories, Online archives, Videos/documentaries",Maybe,4,"Interactive site map, 3D cave exploration, Oral histories, Historical timeline",Visitor damage,Yes,Audio commentary or audio guides in regional languages like Marathi and Hindi.
